accuracy,precision,recall,f1,roc_auc
0.6972,0.29884453781512604,0.7606951871657754,0.4291101055806938,0.7879843662749457
