accuracy,precision,recall,f1,roc_auc
0.7612,0.3413940256045519,0.6417112299465241,0.4456824512534819,0.7900172253007078
