accuracy,precision,recall,f1,roc_auc
0.7554,0.33437935843793587,0.641042780748663,0.4395050412465628,0.784271580596234
