accuracy,precision,recall,f1,roc_auc
0.7482,0.3234277816171389,0.6256684491978609,0.42642369020501136,0.7745866132200764
