accuracy,precision,recall,f1,roc_auc
0.7253,0.3066460587326121,0.6631016042780749,0.4193616571549355,0.7599109934425323
