accuracy,precision,recall,f1,roc_auc
0.7435,0.31511587685921827,0.608957219251337,0.4153179849555505,0.7542252843581629
